{"cameraMode":{"drawMode":0,"name":"Shaded","section":"Shading Mode"},"sceneLighting":true,"audioPlay":false,"sceneViewState":{"m_AlwaysRefresh":false,"showFog":true,"showSkybox":true,"showFlares":true,"showImageEffects":true,"showParticleSystems":true,"showVisualEffectGraphs":true,"m_FxEnabled":true},"in2DMode":false,"pivot":{"x":8.276811599731446,"y":2.2131378650665285,"z":4.819265365600586},"rotation":{"x":-0.03981601446866989,"y":-0.21795345842838288,"z":0.008899157866835595,"w":-0.9751091599464417},"size":0.22380228340625764,"orthographic":false}